iter	Passed	Remaining
0	61	61344
1	127	63793
2	182	60722
3	242	60399
4	293	58460
5	345	57237
6	394	55904
7	452	56120
8	514	56654
9	568	56297
10	635	57157
11	657	54093
12	679	51594
13	735	51768
14	792	52034
15	849	52245
16	893	51652
17	928	50637
18	962	49688
19	987	48391
20	1047	48821
21	1088	48405
22	1120	47587
23	1167	47468
24	1207	47106
25	1235	46272
26	1276	46004
27	1297	45030
28	1339	44854
29	1380	44629
30	1408	44042
31	1423	43063
32	1456	42673
33	1472	41830
34	1507	41553
35	1521	40755
36	1549	40339
37	1591	40282
38	1625	40059
39	1652	39658
40	1678	39260
41	1701	38814
42	1717	38228
43	1759	38227
44	1799	38193
45	1837	38116
46	1875	38038
47	1914	37972
48	1935	37564
49	1974	37506
50	2006	37335
51	2043	37249
52	2069	36982
53	2109	36961
54	2147	36894
55	2186	36856
56	2205	36495
57	2241	36411
58	2255	35967
59	2292	35909
60	2329	35866
61	2349	35540
62	2385	35485
63	2424	35458
64	2455	35325
65	2470	34957
66	2510	34955
67	2541	34834
68	2569	34668
69	2597	34513
70	2631	34428
71	2644	34086
72	2680	34041
73	2718	34014
74	2755	33987
75	2792	33954
76	2831	33941
77	2869	33924
78	2896	33772
79	2933	33736
80	2971	33717
81	3011	33719
82	3048	33678
83	3079	33577
84	3115	33542
85	3134	33311
86	3166	33231
87	3204	33212
88	3242	33194
89	3270	33064
90	3312	33086
91	3349	33059
92	3387	33033
93	3425	33014
94	3463	32994
95	3508	33038
96	3529	32857
97	3567	32835
98	3604	32803
99	3629	32668
100	3669	32659
101	3712	32687
102	3751	32675
103	3792	32671
104	3831	32657
105	3869	32636
106	3903	32578
107	3931	32474
108	3972	32473
109	4010	32450
110	4046	32406
111	4071	32278
112	4107	32242
113	4144	32211
114	4183	32194
115	4221	32168
116	4257	32132
117	4294	32096
118	4328	32042
119	4368	32035
120	4401	31976
121	4429	31876
122	4444	31688
123	4486	31697
124	4520	31646
125	4560	31632
126	4603	31645
127	4644	31642
128	4686	31639
129	4726	31631
130	4742	31457
131	4778	31419
132	4815	31389
133	4851	31355
134	4889	31331
135	4920	31262
136	4957	31230
137	4996	31208
138	5015	31067
139	5051	31029
140	5087	30996
141	5124	30961
142	5162	30936
143	5175	30763
144	5183	30562
145	5222	30550
146	5268	30571
147	5324	30650
148	5377	30713
149	5434	30795
150	5452	30657
151	5510	30741
152	5564	30804
153	5583	30672
154	5610	30588
155	5678	30720
156	5728	30759
157	5775	30777
158	5819	30780
159	5864	30788
160	5910	30798
161	5955	30805
162	5998	30804
163	6033	30757
164	6048	30609
165	6091	30603
166	6113	30495
167	6135	30385
168	6190	30441
169	6246	30495
170	6295	30518
171	6338	30515
172	6367	30440
173	6397	30367
174	6440	30362
175	6464	30265
176	6492	30187
177	6536	30184
178	6552	30051
179	6596	30049
180	6639	30041
181	6690	30071
182	6732	30056
183	6772	30032
184	6814	30022
185	6862	30032
186	6904	30017
187	6945	30000
188	6990	29996
189	7030	29974
190	7070	29946
191	7110	29924
192	7152	29906
193	7196	29900
194	7233	29861
195	7274	29841
196	7317	29826
197	7360	29815
198	7401	29793
199	7444	29778
200	7486	29760
201	7531	29752
202	7573	29734
203	7594	29634
204	7623	29564
205	7651	29493
206	7696	29482
207	7736	29458
208	7776	29431
209	7791	29310
210	7811	29210
211	7853	29191
212	7892	29161
213	7932	29134
214	7952	29035
215	7972	28935
216	8011	28908
217	8049	28875
218	8086	28839
219	8123	28800
220	8159	28761
221	8198	28732
222	8236	28698
223	8274	28663
224	8313	28636
225	8353	28607
226	8389	28568
227	8426	28532
228	8465	28500
229	8503	28466
230	8541	28435
231	8577	28395
232	8608	28337
233	8644	28299
234	8683	28267
235	8720	28230
236	8758	28196
237	8795	28160
238	8814	28066
239	8851	28029
240	8887	27990
241	8923	27950
242	8958	27908
243	9000	27886
244	9037	27848
245	9073	27809
246	9109	27771
247	9116	27644
248	9153	27608
249	9190	27570
250	9225	27529
251	9244	27438
252	9282	27406
253	9320	27374
254	9359	27344
255	9396	27307
256	9415	27221
257	9441	27153
258	9477	27115
259	9496	27029
260	9536	27001
261	9570	26958
262	9606	26920
263	9642	26880
264	9678	26843
265	9716	26812
266	9752	26773
267	9788	26734
268	9823	26695
269	9859	26655
270	9895	26618
271	9931	26580
272	9966	26541
273	10001	26501
274	10037	26462
275	10073	26425
276	10109	26387
277	10144	26347
278	10179	26305
279	10215	26267
280	10250	26227
281	10285	26187
282	10320	26146
283	10356	26110
284	10391	26070
285	10427	26031
286	10462	25991
287	10498	25955
288	10523	25889
289	10559	25853
290	10600	25827
291	10634	25785
292	10669	25746
293	10704	25704
294	10739	25666
295	10775	25628
296	10810	25588
297	10846	25552
298	10881	25512
299	10916	25472
300	10952	25435
301	10988	25397
302	11023	25357
303	11058	25318
304	11093	25277
305	11129	25241
306	11165	25203
307	11201	25165
308	11236	25127
309	11281	25109
310	11297	25028
311	11321	24966
312	11362	24939
313	11382	24866
314	11419	24833
315	11460	24806
316	11496	24770
317	11538	24745
318	11575	24710
319	11606	24663
320	11643	24629
321	11680	24594
322	11716	24556
323	11751	24519
324	11776	24458
325	11812	24421
326	11848	24386
327	11884	24349
328	11935	24343
329	11972	24306
330	12008	24271
331	12045	24235
332	12081	24199
333	12111	24150
334	12130	24079
335	12165	24041
336	12201	24005
337	12232	23957
338	12268	23921
339	12305	23886
340	12341	23850
341	12377	23813
342	12414	23779
343	12433	23709
344	12468	23672
345	12506	23640
346	12532	23584
347	12558	23529
348	12594	23492
349	12612	23424
350	12647	23386
351	12684	23351
352	12714	23303
353	12750	23267
354	12785	23230
355	12822	23194
356	12856	23156
357	12885	23107
358	12920	23068
359	12939	23002
360	12975	22967
361	13010	22929
362	13045	22892
363	13080	22855
364	13115	22817
365	13154	22786
366	13185	22742
367	13193	22657
368	13216	22600
369	13230	22527
370	13267	22493
371	13301	22456
372	13336	22418
373	13373	22384
374	13410	22351
375	13447	22317
376	13485	22285
377	13522	22250
378	13563	22224
379	13582	22160
380	13618	22124
381	13654	22089
382	13678	22035
383	13702	21980
384	13726	21927
385	13764	21894
386	13801	21861
387	13837	21826
388	13872	21790
389	13908	21754
390	13915	21673
391	13944	21627
392	13979	21591
393	14015	21557
394	14050	21520
395	14062	21449
396	14097	21412
397	14115	21351
398	14152	21316
399	14180	21271
400	14209	21225
401	14248	21195
402	14287	21165
403	14324	21131
404	14359	21096
405	14400	21068
406	14423	21015
407	14459	20980
408	14495	20945
409	14530	20909
410	14567	20876
411	14585	20816
412	14620	20780
413	14649	20735
414	14685	20701
415	14698	20634
416	14733	20598
417	14756	20546
418	14763	20471
419	14799	20436
420	14833	20400
421	14867	20363
422	14901	20326
423	14937	20291
424	14971	20255
425	15007	20220
426	15040	20183
427	15075	20148
428	15093	20089
429	15116	20038
430	15151	20002
431	15186	19966
432	15219	19929
433	15255	19895
434	15290	19860
435	15325	19824
436	15359	19787
437	15371	19723
438	15407	19689
439	15444	19656
440	15486	19630
441	15522	19595
442	15560	19564
443	15596	19530
444	15631	19495
445	15638	19425
446	15667	19382
447	15702	19348
448	15736	19311
449	15771	19276
450	15806	19241
451	15840	19204
452	15853	19143
453	15889	19108
454	15902	19047
455	15937	19012
456	15971	18976
457	16001	18936
458	16035	18900
459	16058	18851
460	16080	18801
461	16116	18768
462	16151	18732
463	16186	18698
464	16215	18656
465	16222	18590
466	16259	18557
467	16288	18516
468	16323	18481
469	16336	18422
470	16371	18388
471	16407	18354
472	16442	18320
473	16477	18285
474	16514	18252
475	16551	18220
476	16587	18186
477	16621	18151
478	16669	18130
479	16710	18102
480	16750	18073
481	16787	18041
482	16818	18002
483	16849	17963
484	16888	17933
485	16914	17888
486	16951	17856
487	16964	17798
488	17000	17765
489	17036	17732
490	17067	17693
491	17081	17636
492	17117	17603
493	17153	17570
494	17166	17513
495	17197	17474
496	17215	17423
497	17251	17390
498	17287	17356
499	17322	17322
500	17358	17288
501	17394	17255
502	17429	17222
503	17466	17188
504	17501	17154
505	17536	17120
506	17574	17088
507	17608	17054
508	17644	17020
509	17681	16988
510	17719	16956
511	17756	16924
512	17793	16891
513	17830	16858
514	17854	16814
515	17889	16780
516	17925	16746
517	17960	16712
518	17996	16679
519	18031	16644
520	18066	16609
521	18100	16574
522	18130	16535
523	18168	16503
524	18202	16468
525	18237	16434
526	18274	16401
527	18310	16368
528	18348	16337
529	18385	16304
530	18420	16270
531	18455	16235
532	18490	16201
533	18526	16167
534	18562	16133
535	18586	16090
536	18593	16031
537	18628	15996
538	18662	15961
539	18698	15928
540	18716	15880
541	18752	15846
542	18781	15807
543	18817	15773
544	18851	15738
545	18886	15703
546	18921	15669
547	18955	15634
548	18986	15597
549	19021	15563
550	19056	15529
551	19075	15481
552	19109	15446
553	19132	15402
554	19167	15368
555	19201	15333
556	19237	15299
557	19272	15265
558	19307	15232
559	19342	15197
560	19377	15163
561	19413	15129
562	19431	15082
563	19467	15049
564	19504	15016
565	19540	14983
566	19579	14952
567	19604	14910
568	19622	14863
569	19674	14842
570	19706	14805
571	19742	14772
572	19780	14740
573	19819	14709
574	19861	14680
575	19907	14654
576	19962	14634
577	20002	14604
578	20010	14550
579	20037	14510
580	20070	14474
581	20110	14443
582	20130	14398
583	20169	14367
584	20208	14336
585	20257	14311
586	20295	14279
587	20334	14247
588	20373	14216
589	20405	14180
590	20445	14148
591	20464	14104
592	20503	14072
593	20540	14039
594	20578	14007
595	20616	13975
596	20636	13930
597	20675	13898
598	20702	13859
599	20732	13821
600	20769	13788
601	20804	13754
602	20829	13713
603	20852	13671
604	20889	13638
605	20925	13605
606	20944	13560
607	20978	13525
608	21008	13487
609	21020	13439
610	21044	13398
611	21080	13364
612	21120	13333
613	21157	13300
614	21193	13267
615	21228	13233
616	21262	13198
617	21281	13154
618	21318	13121
619	21331	13073
620	21366	13040
621	21401	13006
622	21437	12972
623	21461	12931
624	21496	12897
625	21514	12853
626	21549	12819
627	21584	12785
628	21599	12739
629	21634	12705
630	21671	12672
631	21689	12629
632	21727	12596
633	21764	12564
634	21783	12520
635	21795	12474
636	21832	12441
637	21876	12412
638	21923	12385
639	21970	12358
640	22017	12331
641	22059	12301
642	22109	12275
643	22158	12249
644	22213	12225
645	22267	12202
646	22290	12161
647	22350	12141
648	22395	12112
649	22445	12086
650	22497	12060
651	22540	12031
652	22556	11986
653	22599	11956
654	22641	11925
655	22670	11888
656	22717	11860
657	22760	11829
658	22801	11798
659	22840	11766
660	22880	11734
661	22918	11701
662	22956	11668
663	22994	11635
664	23034	11603
665	23073	11571
666	23099	11532
667	23136	11499
668	23156	11457
669	23193	11423
670	23230	11390
671	23256	11351
672	23297	11319
673	23328	11283
674	23359	11247
675	23396	11213
676	23432	11179
677	23445	11135
678	23481	11101
679	23517	11066
680	23553	11033
681	23585	10997
682	23623	10964
683	23661	10931
684	23696	10897
685	23727	10860
686	23763	10826
687	23781	10784
688	23800	10743
689	23835	10708
690	23871	10674
691	23884	10630
692	23903	10589
693	23916	10545
694	23934	10503
695	23969	10469
696	24004	10435
697	24039	10401
698	24074	10366
699	24110	10333
700	24146	10299
701	24181	10264
702	24217	10231
703	24252	10196
704	24287	10162
705	24323	10129
706	24360	10095
707	24396	10061
708	24434	10028
709	24470	9994
710	24505	9960
711	24542	9927
712	24566	9888
713	24604	9855
714	24643	9823
715	24681	9789
716	24716	9755
717	24754	9722
718	24790	9688
719	24826	9654
720	24862	9621
721	24899	9587
722	24935	9553
723	24969	9518
724	25005	9484
725	25041	9451
726	25077	9417
727	25115	9383
728	25151	9349
729	25169	9309
730	25204	9275
731	25241	9241
732	25274	9206
733	25309	9172
734	25328	9132
735	25364	9098
736	25400	9064
737	25435	9030
738	25470	8995
739	25489	8955
740	25523	8921
741	25559	8887
742	25595	8853
743	25635	8820
744	25674	8788
745	25709	8753
746	25746	8719
747	25781	8685
748	25805	8647
749	25840	8613
750	25876	8579
751	25912	8545
752	25948	8511
753	25984	8477
754	26020	8443
755	26054	8409
756	26068	8367
757	26103	8333
758	26138	8299
759	26173	8265
760	26209	8231
761	26245	8197
762	26281	8163
763	26317	8129
764	26330	8088
765	26367	8054
766	26386	8015
767	26422	7981
768	26457	7947
769	26491	7912
770	26525	7878
771	26560	7844
772	26595	7810
773	26632	7776
774	26667	7742
775	26692	7704
776	26715	7667
777	26751	7633
778	26786	7599
779	26800	7559
780	26834	7524
781	26869	7490
782	26882	7450
783	26905	7412
784	26940	7378
785	26952	7338
786	26970	7299
787	27006	7265
788	27041	7231
789	27075	7197
790	27111	7163
791	27145	7129
792	27179	7094
793	27215	7060
794	27251	7027
795	27269	6988
796	27304	6954
797	27341	6920
798	27376	6887
799	27400	6850
800	27436	6816
801	27454	6778
802	27485	6743
803	27522	6709
804	27579	6680
805	27620	6648
806	27659	6615
807	27698	6581
808	27737	6548
809	27775	6515
810	27814	6481
811	27827	6442
812	27866	6409
813	27903	6376
814	27941	6342
815	27980	6309
816	28020	6276
817	28060	6243
818	28080	6205
819	28119	6172
820	28149	6137
821	28188	6104
822	28216	6068
823	28254	6034
824	28274	5997
825	28315	5964
826	28336	5927
827	28377	5894
828	28418	5861
829	28459	5829
830	28499	5795
831	28538	5762
832	28553	5724
833	28592	5691
834	28632	5658
835	28673	5624
836	28687	5586
837	28725	5553
838	28766	5520
839	28805	5486
840	28843	5453
841	28881	5419
842	28920	5386
843	28957	5352
844	28996	5318
845	29035	5285
846	29073	5251
847	29093	5214
848	29119	5179
849	29157	5145
850	29197	5112
851	29237	5078
852	29276	5045
853	29315	5011
854	29353	4978
855	29387	4943
856	29426	4910
857	29463	4876
858	29500	4842
859	29538	4808
860	29575	4774
861	29613	4740
862	29651	4707
863	29688	4673
864	29701	4635
865	29737	4601
866	29774	4567
867	29809	4533
868	29845	4499
869	29880	4464
870	29917	4430
871	29956	4397
872	29991	4363
873	30026	4328
874	30061	4294
875	30097	4260
876	30131	4225
877	30166	4191
878	30212	4158
879	30249	4124
880	30284	4090
881	30322	4056
882	30359	4022
883	30395	3988
884	30431	3954
885	30467	3920
886	30480	3883
887	30516	3848
888	30550	3814
889	30585	3780
890	30609	3744
891	30638	3709
892	30677	3675
893	30713	3641
894	30751	3607
895	30787	3573
896	30822	3539
897	30857	3504
898	30891	3470
899	30930	3436
900	30965	3402
901	31000	3368
902	31029	3333
903	31064	3298
904	31082	3262
905	31116	3228
906	31152	3194
907	31187	3159
908	31222	3125
909	31256	3091
910	31287	3056
911	31323	3022
912	31358	2988
913	31394	2953
914	31429	2919
915	31465	2885
916	31501	2851
917	31541	2817
918	31578	2783
919	31613	2749
920	31651	2714
921	31689	2680
922	31725	2646
923	31760	2612
924	31796	2578
925	31830	2543
926	31865	2509
927	31900	2475
928	31935	2440
929	31974	2406
930	32009	2372
931	32043	2337
932	32079	2303
933	32114	2269
934	32149	2234
935	32184	2200
936	32214	2165
937	32248	2131
938	32283	2097
939	32320	2063
940	32340	2027
941	32375	1993
942	32410	1959
943	32446	1924
944	32481	1890
945	32516	1856
946	32552	1821
947	32571	1786
948	32612	1752
949	32630	1717
950	32668	1683
951	32705	1648
952	32740	1614
953	32787	1580
954	32826	1546
955	32863	1512
956	32900	1478
957	32936	1443
958	32973	1409
959	33009	1375
960	33044	1341
961	33081	1306
962	33120	1272
963	33156	1238
964	33193	1203
965	33211	1168
966	33246	1134
967	33283	1100
968	33325	1066
969	33368	1032
970	33407	997
971	33444	963
972	33481	929
973	33519	894
974	33557	860
975	33594	826
976	33630	791
977	33667	757
978	33705	723
979	33742	688
980	33779	654
981	33816	619
982	33852	585
983	33889	551
984	33926	516
985	33962	482
986	33996	447
987	34034	413
988	34069	378
989	34105	344
990	34139	310
991	34174	275
992	34209	241
993	34244	206
994	34282	172
995	34318	137
996	34354	103
997	34390	68
998	34425	34
999	34460	0
